<?xml version="1.0" encoding="UTF-8"?>
<root>
  <item name="com.bannerlayout.annotation.AnimationMode">
    <annotation name="android.support.annotation.IntDef">
      <val name="value" val="{com.bannerlayout.widget.BannerLayout.ANIMATION_ACCORDION, com.bannerlayout.widget.BannerLayout.ANIMATION_BACKGROUND, com.bannerlayout.widget.BannerLayout.ANIMATION_CUBE_IN, com.bannerlayout.widget.BannerLayout.ANIMATION_CUBE_OUT, com.bannerlayout.widget.BannerLayout.ANIMATION_DEFAULT, com.bannerlayout.widget.BannerLayout.ANIMATION_DEPTH_PAGE, com.bannerlayout.widget.BannerLayout.ANIMATION_FLIPHORIZONTAL, com.bannerlayout.widget.BannerLayout.ANIMATION_FLIPVERTICAL, com.bannerlayout.widget.BannerLayout.ANIMATION_FOREGROUND, com.bannerlayout.widget.BannerLayout.ANIMATION_ROTATEDOWN, com.bannerlayout.widget.BannerLayout.ANIMATION_ROTATEUP, com.bannerlayout.widget.BannerLayout.ANIMATION_SCALEINOUT, com.bannerlayout.widget.BannerLayout.ANIMATION_STACK, com.bannerlayout.widget.BannerLayout.ANIMATION_TABLET, com.bannerlayout.widget.BannerLayout.ANIMATION_ZOOMIN, com.bannerlayout.widget.BannerLayout.ANIMATION_ZOOMOUTPAGE, com.bannerlayout.widget.BannerLayout.ANIMATION_ZOOMOUTSLIDE, com.bannerlayout.widget.BannerLayout.ANIMATION_ZOOMOUT}" />
    </annotation>
  </item>
  <item name="com.bannerlayout.annotation.DotsAndTitleSiteMode">
    <annotation name="android.support.annotation.IntDef">
      <val name="value" val="{com.bannerlayout.widget.BannerLayout.CENTER, com.bannerlayout.widget.BannerLayout.LEFT, com.bannerlayout.widget.BannerLayout.RIGHT}" />
    </annotation>
  </item>
  <item name="com.bannerlayout.annotation.PageNumViewSiteMode">
    <annotation name="android.support.annotation.IntDef">
      <val name="value" val="{com.bannerlayout.widget.BannerLayout.PAGE_NUM_VIEW_TOP_LEFT, com.bannerlayout.widget.BannerLayout.PAGE_NUM_VIEW_TOP_RIGHT, com.bannerlayout.widget.BannerLayout.PAGE_NUM_VIEW_BOTTOM_LEFT, com.bannerlayout.widget.BannerLayout.PAGE_NUM_VIEW_BOTTOM_RIGHT, com.bannerlayout.widget.BannerLayout.PAGE_NUM_VIEW_CENTER_LEFT, com.bannerlayout.widget.BannerLayout.PAGE_NUM_VIEW_CENTER_RIGHT, com.bannerlayout.widget.BannerLayout.PAGE_NUM_VIEW_TOP_CENTER, com.bannerlayout.widget.BannerLayout.PAGE_NUM_VIEW_BOTTOM_CENTER}" />
    </annotation>
  </item>
  <item name="com.bannerlayout.annotation.TipsSiteMode">
    <annotation name="android.support.annotation.IntDef">
      <val name="value" val="{com.bannerlayout.widget.BannerLayout.BOTTOM, com.bannerlayout.widget.BannerLayout.TOP, com.bannerlayout.widget.BannerLayout.CENTER}" />
    </annotation>
  </item>
</root>

